Date,Year,Quarter,Month,MonthName,Week,DayOfWeek,DayName,IsWeekend,MonthYear,QuarterLabel
2023-01-01,2023,1,1,Jan,52,6,Sunday,True,2023-01,Q1 2023
2023-01-02,2023,1,1,Jan,1,0,Monday,False,2023-01,Q1 2023
2023-01-03,2023,1,1,Jan,1,1,Tuesday,False,2023-01,Q1 2023
2023-01-04,2023,1,1,Jan,1,2,Wednesday,False,2023-01,Q1 2023
2023-01-05,2023,1,1,Jan,1,3,Thursday,False,2023-01,Q1 2023
2023-01-06,2023,1,1,Jan,1,4,Friday,False,2023-01,Q1 2023
2023-01-07,2023,1,1,Jan,1,5,Saturday,True,2023-01,Q1 2023
2023-01-08,2023,1,1,Jan,1,6,Sunday,True,2023-01,Q1 2023
2023-01-09,2023,1,1,Jan,2,0,Monday,False,2023-01,Q1 2023
2023-01-10,2023,1,1,Jan,2,1,Tuesday,False,2023-01,Q1 2023
2023-01-11,2023,1,1,Jan,2,2,Wednesday,False,2023-01,Q1 2023
2023-01-12,2023,1,1,Jan,2,3,Thursday,False,2023-01,Q1 2023
2023-01-13,2023,1,1,Jan,2,4,Friday,False,2023-01,Q1 2023
2023-01-14,2023,1,1,Jan,2,5,Saturday,True,2023-01,Q1 2023
2023-01-15,2023,1,1,Jan,2,6,Sunday,True,2023-01,Q1 2023
2023-01-16,2023,1,1,Jan,3,0,Monday,False,2023-01,Q1 2023
2023-01-17,2023,1,1,Jan,3,1,Tuesday,False,2023-01,Q1 2023
2023-01-18,2023,1,1,Jan,3,2,Wednesday,False,2023-01,Q1 2023
2023-01-19,2023,1,1,Jan,3,3,Thursday,False,2023-01,Q1 2023
2023-01-20,2023,1,1,Jan,3,4,Friday,False,2023-01,Q1 2023
2023-01-21,2023,1,1,Jan,3,5,Saturday,True,2023-01,Q1 2023
2023-01-22,2023,1,1,Jan,3,6,Sunday,True,2023-01,Q1 2023
2023-01-23,2023,1,1,Jan,4,0,Monday,False,2023-01,Q1 2023
2023-01-24,2023,1,1,Jan,4,1,Tuesday,False,2023-01,Q1 2023
2023-01-25,2023,1,1,Jan,4,2,Wednesday,False,2023-01,Q1 2023
2023-01-26,2023,1,1,Jan,4,3,Thursday,False,2023-01,Q1 2023
2023-01-27,2023,1,1,Jan,4,4,Friday,False,2023-01,Q1 2023
2023-01-28,2023,1,1,Jan,4,5,Saturday,True,2023-01,Q1 2023
2023-01-29,2023,1,1,Jan,4,6,Sunday,True,2023-01,Q1 2023
2023-01-30,2023,1,1,Jan,5,0,Monday,False,2023-01,Q1 2023
2023-01-31,2023,1,1,Jan,5,1,Tuesday,False,2023-01,Q1 2023
2023-02-01,2023,1,2,Feb,5,2,Wednesday,False,2023-02,Q1 2023
2023-02-02,2023,1,2,Feb,5,3,Thursday,False,2023-02,Q1 2023
2023-02-03,2023,1,2,Feb,5,4,Friday,False,2023-02,Q1 2023
2023-02-04,2023,1,2,Feb,5,5,Saturday,True,2023-02,Q1 2023
2023-02-05,2023,1,2,Feb,5,6,Sunday,True,2023-02,Q1 2023
2023-02-06,2023,1,2,Feb,6,0,Monday,False,2023-02,Q1 2023
2023-02-07,2023,1,2,Feb,6,1,Tuesday,False,2023-02,Q1 2023
2023-02-08,2023,1,2,Feb,6,2,Wednesday,False,2023-02,Q1 2023
2023-02-09,2023,1,2,Feb,6,3,Thursday,False,2023-02,Q1 2023
2023-02-10,2023,1,2,Feb,6,4,Friday,False,2023-02,Q1 2023
2023-02-11,2023,1,2,Feb,6,5,Saturday,True,2023-02,Q1 2023
2023-02-12,2023,1,2,Feb,6,6,Sunday,True,2023-02,Q1 2023
2023-02-13,2023,1,2,Feb,7,0,Monday,False,2023-02,Q1 2023
2023-02-14,2023,1,2,Feb,7,1,Tuesday,False,2023-02,Q1 2023
2023-02-15,2023,1,2,Feb,7,2,Wednesday,False,2023-02,Q1 2023
2023-02-16,2023,1,2,Feb,7,3,Thursday,False,2023-02,Q1 2023
2023-02-17,2023,1,2,Feb,7,4,Friday,False,2023-02,Q1 2023
2023-02-18,2023,1,2,Feb,7,5,Saturday,True,2023-02,Q1 2023
2023-02-19,2023,1,2,Feb,7,6,Sunday,True,2023-02,Q1 2023
2023-02-20,2023,1,2,Feb,8,0,Monday,False,2023-02,Q1 2023
2023-02-21,2023,1,2,Feb,8,1,Tuesday,False,2023-02,Q1 2023
2023-02-22,2023,1,2,Feb,8,2,Wednesday,False,2023-02,Q1 2023
2023-02-23,2023,1,2,Feb,8,3,Thursday,False,2023-02,Q1 2023
2023-02-24,2023,1,2,Feb,8,4,Friday,False,2023-02,Q1 2023
2023-02-25,2023,1,2,Feb,8,5,Saturday,True,2023-02,Q1 2023
2023-02-26,2023,1,2,Feb,8,6,Sunday,True,2023-02,Q1 2023
2023-02-27,2023,1,2,Feb,9,0,Monday,False,2023-02,Q1 2023
2023-02-28,2023,1,2,Feb,9,1,Tuesday,False,2023-02,Q1 2023
2023-03-01,2023,1,3,Mar,9,2,Wednesday,False,2023-03,Q1 2023
2023-03-02,2023,1,3,Mar,9,3,Thursday,False,2023-03,Q1 2023
2023-03-03,2023,1,3,Mar,9,4,Friday,False,2023-03,Q1 2023
2023-03-04,2023,1,3,Mar,9,5,Saturday,True,2023-03,Q1 2023
2023-03-05,2023,1,3,Mar,9,6,Sunday,True,2023-03,Q1 2023
2023-03-06,2023,1,3,Mar,10,0,Monday,False,2023-03,Q1 2023
2023-03-07,2023,1,3,Mar,10,1,Tuesday,False,2023-03,Q1 2023
2023-03-08,2023,1,3,Mar,10,2,Wednesday,False,2023-03,Q1 2023
2023-03-09,2023,1,3,Mar,10,3,Thursday,False,2023-03,Q1 2023
2023-03-10,2023,1,3,Mar,10,4,Friday,False,2023-03,Q1 2023
2023-03-11,2023,1,3,Mar,10,5,Saturday,True,2023-03,Q1 2023
2023-03-12,2023,1,3,Mar,10,6,Sunday,True,2023-03,Q1 2023
2023-03-13,2023,1,3,Mar,11,0,Monday,False,2023-03,Q1 2023
2023-03-14,2023,1,3,Mar,11,1,Tuesday,False,2023-03,Q1 2023
2023-03-15,2023,1,3,Mar,11,2,Wednesday,False,2023-03,Q1 2023
2023-03-16,2023,1,3,Mar,11,3,Thursday,False,2023-03,Q1 2023
2023-03-17,2023,1,3,Mar,11,4,Friday,False,2023-03,Q1 2023
2023-03-18,2023,1,3,Mar,11,5,Saturday,True,2023-03,Q1 2023
2023-03-19,2023,1,3,Mar,11,6,Sunday,True,2023-03,Q1 2023
2023-03-20,2023,1,3,Mar,12,0,Monday,False,2023-03,Q1 2023
2023-03-21,2023,1,3,Mar,12,1,Tuesday,False,2023-03,Q1 2023
2023-03-22,2023,1,3,Mar,12,2,Wednesday,False,2023-03,Q1 2023
2023-03-23,2023,1,3,Mar,12,3,Thursday,False,2023-03,Q1 2023
2023-03-24,2023,1,3,Mar,12,4,Friday,False,2023-03,Q1 2023
2023-03-25,2023,1,3,Mar,12,5,Saturday,True,2023-03,Q1 2023
2023-03-26,2023,1,3,Mar,12,6,Sunday,True,2023-03,Q1 2023
2023-03-27,2023,1,3,Mar,13,0,Monday,False,2023-03,Q1 2023
2023-03-28,2023,1,3,Mar,13,1,Tuesday,False,2023-03,Q1 2023
2023-03-29,2023,1,3,Mar,13,2,Wednesday,False,2023-03,Q1 2023
2023-03-30,2023,1,3,Mar,13,3,Thursday,False,2023-03,Q1 2023
2023-03-31,2023,1,3,Mar,13,4,Friday,False,2023-03,Q1 2023
2023-04-01,2023,2,4,Apr,13,5,Saturday,True,2023-04,Q2 2023
2023-04-02,2023,2,4,Apr,13,6,Sunday,True,2023-04,Q2 2023
2023-04-03,2023,2,4,Apr,14,0,Monday,False,2023-04,Q2 2023
2023-04-04,2023,2,4,Apr,14,1,Tuesday,False,2023-04,Q2 2023
2023-04-05,2023,2,4,Apr,14,2,Wednesday,False,2023-04,Q2 2023
2023-04-06,2023,2,4,Apr,14,3,Thursday,False,2023-04,Q2 2023
2023-04-07,2023,2,4,Apr,14,4,Friday,False,2023-04,Q2 2023
2023-04-08,2023,2,4,Apr,14,5,Saturday,True,2023-04,Q2 2023
2023-04-09,2023,2,4,Apr,14,6,Sunday,True,2023-04,Q2 2023
2023-04-10,2023,2,4,Apr,15,0,Monday,False,2023-04,Q2 2023
2023-04-11,2023,2,4,Apr,15,1,Tuesday,False,2023-04,Q2 2023
2023-04-12,2023,2,4,Apr,15,2,Wednesday,False,2023-04,Q2 2023
2023-04-13,2023,2,4,Apr,15,3,Thursday,False,2023-04,Q2 2023
2023-04-14,2023,2,4,Apr,15,4,Friday,False,2023-04,Q2 2023
2023-04-15,2023,2,4,Apr,15,5,Saturday,True,2023-04,Q2 2023
2023-04-16,2023,2,4,Apr,15,6,Sunday,True,2023-04,Q2 2023
2023-04-17,2023,2,4,Apr,16,0,Monday,False,2023-04,Q2 2023
2023-04-18,2023,2,4,Apr,16,1,Tuesday,False,2023-04,Q2 2023
2023-04-19,2023,2,4,Apr,16,2,Wednesday,False,2023-04,Q2 2023
2023-04-20,2023,2,4,Apr,16,3,Thursday,False,2023-04,Q2 2023
2023-04-21,2023,2,4,Apr,16,4,Friday,False,2023-04,Q2 2023
2023-04-22,2023,2,4,Apr,16,5,Saturday,True,2023-04,Q2 2023
2023-04-23,2023,2,4,Apr,16,6,Sunday,True,2023-04,Q2 2023
2023-04-24,2023,2,4,Apr,17,0,Monday,False,2023-04,Q2 2023
2023-04-25,2023,2,4,Apr,17,1,Tuesday,False,2023-04,Q2 2023
2023-04-26,2023,2,4,Apr,17,2,Wednesday,False,2023-04,Q2 2023
2023-04-27,2023,2,4,Apr,17,3,Thursday,False,2023-04,Q2 2023
2023-04-28,2023,2,4,Apr,17,4,Friday,False,2023-04,Q2 2023
2023-04-29,2023,2,4,Apr,17,5,Saturday,True,2023-04,Q2 2023
2023-04-30,2023,2,4,Apr,17,6,Sunday,True,2023-04,Q2 2023
2023-05-01,2023,2,5,May,18,0,Monday,False,2023-05,Q2 2023
2023-05-02,2023,2,5,May,18,1,Tuesday,False,2023-05,Q2 2023
2023-05-03,2023,2,5,May,18,2,Wednesday,False,2023-05,Q2 2023
2023-05-04,2023,2,5,May,18,3,Thursday,False,2023-05,Q2 2023
2023-05-05,2023,2,5,May,18,4,Friday,False,2023-05,Q2 2023
2023-05-06,2023,2,5,May,18,5,Saturday,True,2023-05,Q2 2023
2023-05-07,2023,2,5,May,18,6,Sunday,True,2023-05,Q2 2023
2023-05-08,2023,2,5,May,19,0,Monday,False,2023-05,Q2 2023
2023-05-09,2023,2,5,May,19,1,Tuesday,False,2023-05,Q2 2023
2023-05-10,2023,2,5,May,19,2,Wednesday,False,2023-05,Q2 2023
2023-05-11,2023,2,5,May,19,3,Thursday,False,2023-05,Q2 2023
2023-05-12,2023,2,5,May,19,4,Friday,False,2023-05,Q2 2023
2023-05-13,2023,2,5,May,19,5,Saturday,True,2023-05,Q2 2023
2023-05-14,2023,2,5,May,19,6,Sunday,True,2023-05,Q2 2023
2023-05-15,2023,2,5,May,20,0,Monday,False,2023-05,Q2 2023
2023-05-16,2023,2,5,May,20,1,Tuesday,False,2023-05,Q2 2023
2023-05-17,2023,2,5,May,20,2,Wednesday,False,2023-05,Q2 2023
2023-05-18,2023,2,5,May,20,3,Thursday,False,2023-05,Q2 2023
2023-05-19,2023,2,5,May,20,4,Friday,False,2023-05,Q2 2023
2023-05-20,2023,2,5,May,20,5,Saturday,True,2023-05,Q2 2023
2023-05-21,2023,2,5,May,20,6,Sunday,True,2023-05,Q2 2023
2023-05-22,2023,2,5,May,21,0,Monday,False,2023-05,Q2 2023
2023-05-23,2023,2,5,May,21,1,Tuesday,False,2023-05,Q2 2023
2023-05-24,2023,2,5,May,21,2,Wednesday,False,2023-05,Q2 2023
2023-05-25,2023,2,5,May,21,3,Thursday,False,2023-05,Q2 2023
2023-05-26,2023,2,5,May,21,4,Friday,False,2023-05,Q2 2023
2023-05-27,2023,2,5,May,21,5,Saturday,True,2023-05,Q2 2023
2023-05-28,2023,2,5,May,21,6,Sunday,True,2023-05,Q2 2023
2023-05-29,2023,2,5,May,22,0,Monday,False,2023-05,Q2 2023
2023-05-30,2023,2,5,May,22,1,Tuesday,False,2023-05,Q2 2023
2023-05-31,2023,2,5,May,22,2,Wednesday,False,2023-05,Q2 2023
2023-06-01,2023,2,6,Jun,22,3,Thursday,False,2023-06,Q2 2023
2023-06-02,2023,2,6,Jun,22,4,Friday,False,2023-06,Q2 2023
2023-06-03,2023,2,6,Jun,22,5,Saturday,True,2023-06,Q2 2023
2023-06-04,2023,2,6,Jun,22,6,Sunday,True,2023-06,Q2 2023
2023-06-05,2023,2,6,Jun,23,0,Monday,False,2023-06,Q2 2023
2023-06-06,2023,2,6,Jun,23,1,Tuesday,False,2023-06,Q2 2023
2023-06-07,2023,2,6,Jun,23,2,Wednesday,False,2023-06,Q2 2023
2023-06-08,2023,2,6,Jun,23,3,Thursday,False,2023-06,Q2 2023
2023-06-09,2023,2,6,Jun,23,4,Friday,False,2023-06,Q2 2023
2023-06-10,2023,2,6,Jun,23,5,Saturday,True,2023-06,Q2 2023
2023-06-11,2023,2,6,Jun,23,6,Sunday,True,2023-06,Q2 2023
2023-06-12,2023,2,6,Jun,24,0,Monday,False,2023-06,Q2 2023
2023-06-13,2023,2,6,Jun,24,1,Tuesday,False,2023-06,Q2 2023
2023-06-14,2023,2,6,Jun,24,2,Wednesday,False,2023-06,Q2 2023
2023-06-15,2023,2,6,Jun,24,3,Thursday,False,2023-06,Q2 2023
2023-06-16,2023,2,6,Jun,24,4,Friday,False,2023-06,Q2 2023
2023-06-17,2023,2,6,Jun,24,5,Saturday,True,2023-06,Q2 2023
2023-06-18,2023,2,6,Jun,24,6,Sunday,True,2023-06,Q2 2023
2023-06-19,2023,2,6,Jun,25,0,Monday,False,2023-06,Q2 2023
2023-06-20,2023,2,6,Jun,25,1,Tuesday,False,2023-06,Q2 2023
2023-06-21,2023,2,6,Jun,25,2,Wednesday,False,2023-06,Q2 2023
2023-06-22,2023,2,6,Jun,25,3,Thursday,False,2023-06,Q2 2023
2023-06-23,2023,2,6,Jun,25,4,Friday,False,2023-06,Q2 2023
2023-06-24,2023,2,6,Jun,25,5,Saturday,True,2023-06,Q2 2023
2023-06-25,2023,2,6,Jun,25,6,Sunday,True,2023-06,Q2 2023
2023-06-26,2023,2,6,Jun,26,0,Monday,False,2023-06,Q2 2023
2023-06-27,2023,2,6,Jun,26,1,Tuesday,False,2023-06,Q2 2023
2023-06-28,2023,2,6,Jun,26,2,Wednesday,False,2023-06,Q2 2023
2023-06-29,2023,2,6,Jun,26,3,Thursday,False,2023-06,Q2 2023
2023-06-30,2023,2,6,Jun,26,4,Friday,False,2023-06,Q2 2023
2023-07-01,2023,3,7,Jul,26,5,Saturday,True,2023-07,Q3 2023
2023-07-02,2023,3,7,Jul,26,6,Sunday,True,2023-07,Q3 2023
2023-07-03,2023,3,7,Jul,27,0,Monday,False,2023-07,Q3 2023
2023-07-04,2023,3,7,Jul,27,1,Tuesday,False,2023-07,Q3 2023
2023-07-05,2023,3,7,Jul,27,2,Wednesday,False,2023-07,Q3 2023
2023-07-06,2023,3,7,Jul,27,3,Thursday,False,2023-07,Q3 2023
2023-07-07,2023,3,7,Jul,27,4,Friday,False,2023-07,Q3 2023
2023-07-08,2023,3,7,Jul,27,5,Saturday,True,2023-07,Q3 2023
2023-07-09,2023,3,7,Jul,27,6,Sunday,True,2023-07,Q3 2023
2023-07-10,2023,3,7,Jul,28,0,Monday,False,2023-07,Q3 2023
2023-07-11,2023,3,7,Jul,28,1,Tuesday,False,2023-07,Q3 2023
2023-07-12,2023,3,7,Jul,28,2,Wednesday,False,2023-07,Q3 2023
2023-07-13,2023,3,7,Jul,28,3,Thursday,False,2023-07,Q3 2023
2023-07-14,2023,3,7,Jul,28,4,Friday,False,2023-07,Q3 2023
2023-07-15,2023,3,7,Jul,28,5,Saturday,True,2023-07,Q3 2023
2023-07-16,2023,3,7,Jul,28,6,Sunday,True,2023-07,Q3 2023
2023-07-17,2023,3,7,Jul,29,0,Monday,False,2023-07,Q3 2023
2023-07-18,2023,3,7,Jul,29,1,Tuesday,False,2023-07,Q3 2023
2023-07-19,2023,3,7,Jul,29,2,Wednesday,False,2023-07,Q3 2023
2023-07-20,2023,3,7,Jul,29,3,Thursday,False,2023-07,Q3 2023
2023-07-21,2023,3,7,Jul,29,4,Friday,False,2023-07,Q3 2023
2023-07-22,2023,3,7,Jul,29,5,Saturday,True,2023-07,Q3 2023
2023-07-23,2023,3,7,Jul,29,6,Sunday,True,2023-07,Q3 2023
2023-07-24,2023,3,7,Jul,30,0,Monday,False,2023-07,Q3 2023
2023-07-25,2023,3,7,Jul,30,1,Tuesday,False,2023-07,Q3 2023
2023-07-26,2023,3,7,Jul,30,2,Wednesday,False,2023-07,Q3 2023
2023-07-27,2023,3,7,Jul,30,3,Thursday,False,2023-07,Q3 2023
2023-07-28,2023,3,7,Jul,30,4,Friday,False,2023-07,Q3 2023
2023-07-29,2023,3,7,Jul,30,5,Saturday,True,2023-07,Q3 2023
2023-07-30,2023,3,7,Jul,30,6,Sunday,True,2023-07,Q3 2023
2023-07-31,2023,3,7,Jul,31,0,Monday,False,2023-07,Q3 2023
2023-08-01,2023,3,8,Aug,31,1,Tuesday,False,2023-08,Q3 2023
2023-08-02,2023,3,8,Aug,31,2,Wednesday,False,2023-08,Q3 2023
2023-08-03,2023,3,8,Aug,31,3,Thursday,False,2023-08,Q3 2023
2023-08-04,2023,3,8,Aug,31,4,Friday,False,2023-08,Q3 2023
2023-08-05,2023,3,8,Aug,31,5,Saturday,True,2023-08,Q3 2023
2023-08-06,2023,3,8,Aug,31,6,Sunday,True,2023-08,Q3 2023
2023-08-07,2023,3,8,Aug,32,0,Monday,False,2023-08,Q3 2023
2023-08-08,2023,3,8,Aug,32,1,Tuesday,False,2023-08,Q3 2023
2023-08-09,2023,3,8,Aug,32,2,Wednesday,False,2023-08,Q3 2023
2023-08-10,2023,3,8,Aug,32,3,Thursday,False,2023-08,Q3 2023
2023-08-11,2023,3,8,Aug,32,4,Friday,False,2023-08,Q3 2023
2023-08-12,2023,3,8,Aug,32,5,Saturday,True,2023-08,Q3 2023
2023-08-13,2023,3,8,Aug,32,6,Sunday,True,2023-08,Q3 2023
2023-08-14,2023,3,8,Aug,33,0,Monday,False,2023-08,Q3 2023
2023-08-15,2023,3,8,Aug,33,1,Tuesday,False,2023-08,Q3 2023
2023-08-16,2023,3,8,Aug,33,2,Wednesday,False,2023-08,Q3 2023
2023-08-17,2023,3,8,Aug,33,3,Thursday,False,2023-08,Q3 2023
2023-08-18,2023,3,8,Aug,33,4,Friday,False,2023-08,Q3 2023
2023-08-19,2023,3,8,Aug,33,5,Saturday,True,2023-08,Q3 2023
2023-08-20,2023,3,8,Aug,33,6,Sunday,True,2023-08,Q3 2023
2023-08-21,2023,3,8,Aug,34,0,Monday,False,2023-08,Q3 2023
2023-08-22,2023,3,8,Aug,34,1,Tuesday,False,2023-08,Q3 2023
2023-08-23,2023,3,8,Aug,34,2,Wednesday,False,2023-08,Q3 2023
2023-08-24,2023,3,8,Aug,34,3,Thursday,False,2023-08,Q3 2023
2023-08-25,2023,3,8,Aug,34,4,Friday,False,2023-08,Q3 2023
2023-08-26,2023,3,8,Aug,34,5,Saturday,True,2023-08,Q3 2023
2023-08-27,2023,3,8,Aug,34,6,Sunday,True,2023-08,Q3 2023
2023-08-28,2023,3,8,Aug,35,0,Monday,False,2023-08,Q3 2023
2023-08-29,2023,3,8,Aug,35,1,Tuesday,False,2023-08,Q3 2023
2023-08-30,2023,3,8,Aug,35,2,Wednesday,False,2023-08,Q3 2023
2023-08-31,2023,3,8,Aug,35,3,Thursday,False,2023-08,Q3 2023
2023-09-01,2023,3,9,Sep,35,4,Friday,False,2023-09,Q3 2023
2023-09-02,2023,3,9,Sep,35,5,Saturday,True,2023-09,Q3 2023
2023-09-03,2023,3,9,Sep,35,6,Sunday,True,2023-09,Q3 2023
2023-09-04,2023,3,9,Sep,36,0,Monday,False,2023-09,Q3 2023
2023-09-05,2023,3,9,Sep,36,1,Tuesday,False,2023-09,Q3 2023
2023-09-06,2023,3,9,Sep,36,2,Wednesday,False,2023-09,Q3 2023
2023-09-07,2023,3,9,Sep,36,3,Thursday,False,2023-09,Q3 2023
2023-09-08,2023,3,9,Sep,36,4,Friday,False,2023-09,Q3 2023
2023-09-09,2023,3,9,Sep,36,5,Saturday,True,2023-09,Q3 2023
2023-09-10,2023,3,9,Sep,36,6,Sunday,True,2023-09,Q3 2023
2023-09-11,2023,3,9,Sep,37,0,Monday,False,2023-09,Q3 2023
2023-09-12,2023,3,9,Sep,37,1,Tuesday,False,2023-09,Q3 2023
2023-09-13,2023,3,9,Sep,37,2,Wednesday,False,2023-09,Q3 2023
2023-09-14,2023,3,9,Sep,37,3,Thursday,False,2023-09,Q3 2023
2023-09-15,2023,3,9,Sep,37,4,Friday,False,2023-09,Q3 2023
2023-09-16,2023,3,9,Sep,37,5,Saturday,True,2023-09,Q3 2023
2023-09-17,2023,3,9,Sep,37,6,Sunday,True,2023-09,Q3 2023
2023-09-18,2023,3,9,Sep,38,0,Monday,False,2023-09,Q3 2023
2023-09-19,2023,3,9,Sep,38,1,Tuesday,False,2023-09,Q3 2023
2023-09-20,2023,3,9,Sep,38,2,Wednesday,False,2023-09,Q3 2023
2023-09-21,2023,3,9,Sep,38,3,Thursday,False,2023-09,Q3 2023
2023-09-22,2023,3,9,Sep,38,4,Friday,False,2023-09,Q3 2023
2023-09-23,2023,3,9,Sep,38,5,Saturday,True,2023-09,Q3 2023
2023-09-24,2023,3,9,Sep,38,6,Sunday,True,2023-09,Q3 2023
2023-09-25,2023,3,9,Sep,39,0,Monday,False,2023-09,Q3 2023
2023-09-26,2023,3,9,Sep,39,1,Tuesday,False,2023-09,Q3 2023
2023-09-27,2023,3,9,Sep,39,2,Wednesday,False,2023-09,Q3 2023
2023-09-28,2023,3,9,Sep,39,3,Thursday,False,2023-09,Q3 2023
2023-09-29,2023,3,9,Sep,39,4,Friday,False,2023-09,Q3 2023
2023-09-30,2023,3,9,Sep,39,5,Saturday,True,2023-09,Q3 2023
2023-10-01,2023,4,10,Oct,39,6,Sunday,True,2023-10,Q4 2023
2023-10-02,2023,4,10,Oct,40,0,Monday,False,2023-10,Q4 2023
2023-10-03,2023,4,10,Oct,40,1,Tuesday,False,2023-10,Q4 2023
2023-10-04,2023,4,10,Oct,40,2,Wednesday,False,2023-10,Q4 2023
2023-10-05,2023,4,10,Oct,40,3,Thursday,False,2023-10,Q4 2023
2023-10-06,2023,4,10,Oct,40,4,Friday,False,2023-10,Q4 2023
2023-10-07,2023,4,10,Oct,40,5,Saturday,True,2023-10,Q4 2023
2023-10-08,2023,4,10,Oct,40,6,Sunday,True,2023-10,Q4 2023
2023-10-09,2023,4,10,Oct,41,0,Monday,False,2023-10,Q4 2023
2023-10-10,2023,4,10,Oct,41,1,Tuesday,False,2023-10,Q4 2023
2023-10-11,2023,4,10,Oct,41,2,Wednesday,False,2023-10,Q4 2023
2023-10-12,2023,4,10,Oct,41,3,Thursday,False,2023-10,Q4 2023
2023-10-13,2023,4,10,Oct,41,4,Friday,False,2023-10,Q4 2023
2023-10-14,2023,4,10,Oct,41,5,Saturday,True,2023-10,Q4 2023
2023-10-15,2023,4,10,Oct,41,6,Sunday,True,2023-10,Q4 2023
2023-10-16,2023,4,10,Oct,42,0,Monday,False,2023-10,Q4 2023
2023-10-17,2023,4,10,Oct,42,1,Tuesday,False,2023-10,Q4 2023
2023-10-18,2023,4,10,Oct,42,2,Wednesday,False,2023-10,Q4 2023
2023-10-19,2023,4,10,Oct,42,3,Thursday,False,2023-10,Q4 2023
2023-10-20,2023,4,10,Oct,42,4,Friday,False,2023-10,Q4 2023
2023-10-21,2023,4,10,Oct,42,5,Saturday,True,2023-10,Q4 2023
2023-10-22,2023,4,10,Oct,42,6,Sunday,True,2023-10,Q4 2023
2023-10-23,2023,4,10,Oct,43,0,Monday,False,2023-10,Q4 2023
2023-10-24,2023,4,10,Oct,43,1,Tuesday,False,2023-10,Q4 2023
2023-10-25,2023,4,10,Oct,43,2,Wednesday,False,2023-10,Q4 2023
2023-10-26,2023,4,10,Oct,43,3,Thursday,False,2023-10,Q4 2023
2023-10-27,2023,4,10,Oct,43,4,Friday,False,2023-10,Q4 2023
2023-10-28,2023,4,10,Oct,43,5,Saturday,True,2023-10,Q4 2023
2023-10-29,2023,4,10,Oct,43,6,Sunday,True,2023-10,Q4 2023
2023-10-30,2023,4,10,Oct,44,0,Monday,False,2023-10,Q4 2023
2023-10-31,2023,4,10,Oct,44,1,Tuesday,False,2023-10,Q4 2023
2023-11-01,2023,4,11,Nov,44,2,Wednesday,False,2023-11,Q4 2023
2023-11-02,2023,4,11,Nov,44,3,Thursday,False,2023-11,Q4 2023
2023-11-03,2023,4,11,Nov,44,4,Friday,False,2023-11,Q4 2023
2023-11-04,2023,4,11,Nov,44,5,Saturday,True,2023-11,Q4 2023
2023-11-05,2023,4,11,Nov,44,6,Sunday,True,2023-11,Q4 2023
2023-11-06,2023,4,11,Nov,45,0,Monday,False,2023-11,Q4 2023
2023-11-07,2023,4,11,Nov,45,1,Tuesday,False,2023-11,Q4 2023
2023-11-08,2023,4,11,Nov,45,2,Wednesday,False,2023-11,Q4 2023
2023-11-09,2023,4,11,Nov,45,3,Thursday,False,2023-11,Q4 2023
2023-11-10,2023,4,11,Nov,45,4,Friday,False,2023-11,Q4 2023
2023-11-11,2023,4,11,Nov,45,5,Saturday,True,2023-11,Q4 2023
2023-11-12,2023,4,11,Nov,45,6,Sunday,True,2023-11,Q4 2023
2023-11-13,2023,4,11,Nov,46,0,Monday,False,2023-11,Q4 2023
2023-11-14,2023,4,11,Nov,46,1,Tuesday,False,2023-11,Q4 2023
2023-11-15,2023,4,11,Nov,46,2,Wednesday,False,2023-11,Q4 2023
2023-11-16,2023,4,11,Nov,46,3,Thursday,False,2023-11,Q4 2023
2023-11-17,2023,4,11,Nov,46,4,Friday,False,2023-11,Q4 2023
2023-11-18,2023,4,11,Nov,46,5,Saturday,True,2023-11,Q4 2023
2023-11-19,2023,4,11,Nov,46,6,Sunday,True,2023-11,Q4 2023
2023-11-20,2023,4,11,Nov,47,0,Monday,False,2023-11,Q4 2023
2023-11-21,2023,4,11,Nov,47,1,Tuesday,False,2023-11,Q4 2023
2023-11-22,2023,4,11,Nov,47,2,Wednesday,False,2023-11,Q4 2023
2023-11-23,2023,4,11,Nov,47,3,Thursday,False,2023-11,Q4 2023
2023-11-24,2023,4,11,Nov,47,4,Friday,False,2023-11,Q4 2023
2023-11-25,2023,4,11,Nov,47,5,Saturday,True,2023-11,Q4 2023
2023-11-26,2023,4,11,Nov,47,6,Sunday,True,2023-11,Q4 2023
2023-11-27,2023,4,11,Nov,48,0,Monday,False,2023-11,Q4 2023
2023-11-28,2023,4,11,Nov,48,1,Tuesday,False,2023-11,Q4 2023
2023-11-29,2023,4,11,Nov,48,2,Wednesday,False,2023-11,Q4 2023
2023-11-30,2023,4,11,Nov,48,3,Thursday,False,2023-11,Q4 2023
2023-12-01,2023,4,12,Dec,48,4,Friday,False,2023-12,Q4 2023
2023-12-02,2023,4,12,Dec,48,5,Saturday,True,2023-12,Q4 2023
2023-12-03,2023,4,12,Dec,48,6,Sunday,True,2023-12,Q4 2023
2023-12-04,2023,4,12,Dec,49,0,Monday,False,2023-12,Q4 2023
2023-12-05,2023,4,12,Dec,49,1,Tuesday,False,2023-12,Q4 2023
2023-12-06,2023,4,12,Dec,49,2,Wednesday,False,2023-12,Q4 2023
2023-12-07,2023,4,12,Dec,49,3,Thursday,False,2023-12,Q4 2023
2023-12-08,2023,4,12,Dec,49,4,Friday,False,2023-12,Q4 2023
2023-12-09,2023,4,12,Dec,49,5,Saturday,True,2023-12,Q4 2023
2023-12-10,2023,4,12,Dec,49,6,Sunday,True,2023-12,Q4 2023
2023-12-11,2023,4,12,Dec,50,0,Monday,False,2023-12,Q4 2023
2023-12-12,2023,4,12,Dec,50,1,Tuesday,False,2023-12,Q4 2023
2023-12-13,2023,4,12,Dec,50,2,Wednesday,False,2023-12,Q4 2023
2023-12-14,2023,4,12,Dec,50,3,Thursday,False,2023-12,Q4 2023
2023-12-15,2023,4,12,Dec,50,4,Friday,False,2023-12,Q4 2023
2023-12-16,2023,4,12,Dec,50,5,Saturday,True,2023-12,Q4 2023
2023-12-17,2023,4,12,Dec,50,6,Sunday,True,2023-12,Q4 2023
2023-12-18,2023,4,12,Dec,51,0,Monday,False,2023-12,Q4 2023
2023-12-19,2023,4,12,Dec,51,1,Tuesday,False,2023-12,Q4 2023
2023-12-20,2023,4,12,Dec,51,2,Wednesday,False,2023-12,Q4 2023
2023-12-21,2023,4,12,Dec,51,3,Thursday,False,2023-12,Q4 2023
2023-12-22,2023,4,12,Dec,51,4,Friday,False,2023-12,Q4 2023
2023-12-23,2023,4,12,Dec,51,5,Saturday,True,2023-12,Q4 2023
2023-12-24,2023,4,12,Dec,51,6,Sunday,True,2023-12,Q4 2023
2023-12-25,2023,4,12,Dec,52,0,Monday,False,2023-12,Q4 2023
2023-12-26,2023,4,12,Dec,52,1,Tuesday,False,2023-12,Q4 2023
2023-12-27,2023,4,12,Dec,52,2,Wednesday,False,2023-12,Q4 2023
2023-12-28,2023,4,12,Dec,52,3,Thursday,False,2023-12,Q4 2023
2023-12-29,2023,4,12,Dec,52,4,Friday,False,2023-12,Q4 2023
2023-12-30,2023,4,12,Dec,52,5,Saturday,True,2023-12,Q4 2023
2023-12-31,2023,4,12,Dec,52,6,Sunday,True,2023-12,Q4 2023
2024-01-01,2024,1,1,Jan,1,0,Monday,False,2024-01,Q1 2024
2024-01-02,2024,1,1,Jan,1,1,Tuesday,False,2024-01,Q1 2024
2024-01-03,2024,1,1,Jan,1,2,Wednesday,False,2024-01,Q1 2024
2024-01-04,2024,1,1,Jan,1,3,Thursday,False,2024-01,Q1 2024
2024-01-05,2024,1,1,Jan,1,4,Friday,False,2024-01,Q1 2024
2024-01-06,2024,1,1,Jan,1,5,Saturday,True,2024-01,Q1 2024
2024-01-07,2024,1,1,Jan,1,6,Sunday,True,2024-01,Q1 2024
2024-01-08,2024,1,1,Jan,2,0,Monday,False,2024-01,Q1 2024
2024-01-09,2024,1,1,Jan,2,1,Tuesday,False,2024-01,Q1 2024
2024-01-10,2024,1,1,Jan,2,2,Wednesday,False,2024-01,Q1 2024
2024-01-11,2024,1,1,Jan,2,3,Thursday,False,2024-01,Q1 2024
2024-01-12,2024,1,1,Jan,2,4,Friday,False,2024-01,Q1 2024
2024-01-13,2024,1,1,Jan,2,5,Saturday,True,2024-01,Q1 2024
2024-01-14,2024,1,1,Jan,2,6,Sunday,True,2024-01,Q1 2024
2024-01-15,2024,1,1,Jan,3,0,Monday,False,2024-01,Q1 2024
2024-01-16,2024,1,1,Jan,3,1,Tuesday,False,2024-01,Q1 2024
2024-01-17,2024,1,1,Jan,3,2,Wednesday,False,2024-01,Q1 2024
2024-01-18,2024,1,1,Jan,3,3,Thursday,False,2024-01,Q1 2024
2024-01-19,2024,1,1,Jan,3,4,Friday,False,2024-01,Q1 2024
2024-01-20,2024,1,1,Jan,3,5,Saturday,True,2024-01,Q1 2024
2024-01-21,2024,1,1,Jan,3,6,Sunday,True,2024-01,Q1 2024
2024-01-22,2024,1,1,Jan,4,0,Monday,False,2024-01,Q1 2024
2024-01-23,2024,1,1,Jan,4,1,Tuesday,False,2024-01,Q1 2024
2024-01-24,2024,1,1,Jan,4,2,Wednesday,False,2024-01,Q1 2024
2024-01-25,2024,1,1,Jan,4,3,Thursday,False,2024-01,Q1 2024
2024-01-26,2024,1,1,Jan,4,4,Friday,False,2024-01,Q1 2024
2024-01-27,2024,1,1,Jan,4,5,Saturday,True,2024-01,Q1 2024
2024-01-28,2024,1,1,Jan,4,6,Sunday,True,2024-01,Q1 2024
2024-01-29,2024,1,1,Jan,5,0,Monday,False,2024-01,Q1 2024
2024-01-30,2024,1,1,Jan,5,1,Tuesday,False,2024-01,Q1 2024
2024-01-31,2024,1,1,Jan,5,2,Wednesday,False,2024-01,Q1 2024
2024-02-01,2024,1,2,Feb,5,3,Thursday,False,2024-02,Q1 2024
2024-02-02,2024,1,2,Feb,5,4,Friday,False,2024-02,Q1 2024
2024-02-03,2024,1,2,Feb,5,5,Saturday,True,2024-02,Q1 2024
2024-02-04,2024,1,2,Feb,5,6,Sunday,True,2024-02,Q1 2024
2024-02-05,2024,1,2,Feb,6,0,Monday,False,2024-02,Q1 2024
2024-02-06,2024,1,2,Feb,6,1,Tuesday,False,2024-02,Q1 2024
2024-02-07,2024,1,2,Feb,6,2,Wednesday,False,2024-02,Q1 2024
2024-02-08,2024,1,2,Feb,6,3,Thursday,False,2024-02,Q1 2024
2024-02-09,2024,1,2,Feb,6,4,Friday,False,2024-02,Q1 2024
2024-02-10,2024,1,2,Feb,6,5,Saturday,True,2024-02,Q1 2024
2024-02-11,2024,1,2,Feb,6,6,Sunday,True,2024-02,Q1 2024
2024-02-12,2024,1,2,Feb,7,0,Monday,False,2024-02,Q1 2024
2024-02-13,2024,1,2,Feb,7,1,Tuesday,False,2024-02,Q1 2024
2024-02-14,2024,1,2,Feb,7,2,Wednesday,False,2024-02,Q1 2024
2024-02-15,2024,1,2,Feb,7,3,Thursday,False,2024-02,Q1 2024
2024-02-16,2024,1,2,Feb,7,4,Friday,False,2024-02,Q1 2024
2024-02-17,2024,1,2,Feb,7,5,Saturday,True,2024-02,Q1 2024
2024-02-18,2024,1,2,Feb,7,6,Sunday,True,2024-02,Q1 2024
2024-02-19,2024,1,2,Feb,8,0,Monday,False,2024-02,Q1 2024
2024-02-20,2024,1,2,Feb,8,1,Tuesday,False,2024-02,Q1 2024
2024-02-21,2024,1,2,Feb,8,2,Wednesday,False,2024-02,Q1 2024
2024-02-22,2024,1,2,Feb,8,3,Thursday,False,2024-02,Q1 2024
2024-02-23,2024,1,2,Feb,8,4,Friday,False,2024-02,Q1 2024
2024-02-24,2024,1,2,Feb,8,5,Saturday,True,2024-02,Q1 2024
2024-02-25,2024,1,2,Feb,8,6,Sunday,True,2024-02,Q1 2024
2024-02-26,2024,1,2,Feb,9,0,Monday,False,2024-02,Q1 2024
2024-02-27,2024,1,2,Feb,9,1,Tuesday,False,2024-02,Q1 2024
2024-02-28,2024,1,2,Feb,9,2,Wednesday,False,2024-02,Q1 2024
2024-02-29,2024,1,2,Feb,9,3,Thursday,False,2024-02,Q1 2024
2024-03-01,2024,1,3,Mar,9,4,Friday,False,2024-03,Q1 2024
2024-03-02,2024,1,3,Mar,9,5,Saturday,True,2024-03,Q1 2024
2024-03-03,2024,1,3,Mar,9,6,Sunday,True,2024-03,Q1 2024
2024-03-04,2024,1,3,Mar,10,0,Monday,False,2024-03,Q1 2024
2024-03-05,2024,1,3,Mar,10,1,Tuesday,False,2024-03,Q1 2024
2024-03-06,2024,1,3,Mar,10,2,Wednesday,False,2024-03,Q1 2024
2024-03-07,2024,1,3,Mar,10,3,Thursday,False,2024-03,Q1 2024
2024-03-08,2024,1,3,Mar,10,4,Friday,False,2024-03,Q1 2024
2024-03-09,2024,1,3,Mar,10,5,Saturday,True,2024-03,Q1 2024
2024-03-10,2024,1,3,Mar,10,6,Sunday,True,2024-03,Q1 2024
2024-03-11,2024,1,3,Mar,11,0,Monday,False,2024-03,Q1 2024
2024-03-12,2024,1,3,Mar,11,1,Tuesday,False,2024-03,Q1 2024
2024-03-13,2024,1,3,Mar,11,2,Wednesday,False,2024-03,Q1 2024
2024-03-14,2024,1,3,Mar,11,3,Thursday,False,2024-03,Q1 2024
2024-03-15,2024,1,3,Mar,11,4,Friday,False,2024-03,Q1 2024
2024-03-16,2024,1,3,Mar,11,5,Saturday,True,2024-03,Q1 2024
2024-03-17,2024,1,3,Mar,11,6,Sunday,True,2024-03,Q1 2024
2024-03-18,2024,1,3,Mar,12,0,Monday,False,2024-03,Q1 2024
2024-03-19,2024,1,3,Mar,12,1,Tuesday,False,2024-03,Q1 2024
2024-03-20,2024,1,3,Mar,12,2,Wednesday,False,2024-03,Q1 2024
2024-03-21,2024,1,3,Mar,12,3,Thursday,False,2024-03,Q1 2024
2024-03-22,2024,1,3,Mar,12,4,Friday,False,2024-03,Q1 2024
2024-03-23,2024,1,3,Mar,12,5,Saturday,True,2024-03,Q1 2024
2024-03-24,2024,1,3,Mar,12,6,Sunday,True,2024-03,Q1 2024
2024-03-25,2024,1,3,Mar,13,0,Monday,False,2024-03,Q1 2024
2024-03-26,2024,1,3,Mar,13,1,Tuesday,False,2024-03,Q1 2024
2024-03-27,2024,1,3,Mar,13,2,Wednesday,False,2024-03,Q1 2024
2024-03-28,2024,1,3,Mar,13,3,Thursday,False,2024-03,Q1 2024
2024-03-29,2024,1,3,Mar,13,4,Friday,False,2024-03,Q1 2024
2024-03-30,2024,1,3,Mar,13,5,Saturday,True,2024-03,Q1 2024
2024-03-31,2024,1,3,Mar,13,6,Sunday,True,2024-03,Q1 2024
2024-04-01,2024,2,4,Apr,14,0,Monday,False,2024-04,Q2 2024
2024-04-02,2024,2,4,Apr,14,1,Tuesday,False,2024-04,Q2 2024
2024-04-03,2024,2,4,Apr,14,2,Wednesday,False,2024-04,Q2 2024
2024-04-04,2024,2,4,Apr,14,3,Thursday,False,2024-04,Q2 2024
2024-04-05,2024,2,4,Apr,14,4,Friday,False,2024-04,Q2 2024
2024-04-06,2024,2,4,Apr,14,5,Saturday,True,2024-04,Q2 2024
2024-04-07,2024,2,4,Apr,14,6,Sunday,True,2024-04,Q2 2024
2024-04-08,2024,2,4,Apr,15,0,Monday,False,2024-04,Q2 2024
2024-04-09,2024,2,4,Apr,15,1,Tuesday,False,2024-04,Q2 2024
2024-04-10,2024,2,4,Apr,15,2,Wednesday,False,2024-04,Q2 2024
2024-04-11,2024,2,4,Apr,15,3,Thursday,False,2024-04,Q2 2024
2024-04-12,2024,2,4,Apr,15,4,Friday,False,2024-04,Q2 2024
2024-04-13,2024,2,4,Apr,15,5,Saturday,True,2024-04,Q2 2024
2024-04-14,2024,2,4,Apr,15,6,Sunday,True,2024-04,Q2 2024
2024-04-15,2024,2,4,Apr,16,0,Monday,False,2024-04,Q2 2024
2024-04-16,2024,2,4,Apr,16,1,Tuesday,False,2024-04,Q2 2024
2024-04-17,2024,2,4,Apr,16,2,Wednesday,False,2024-04,Q2 2024
2024-04-18,2024,2,4,Apr,16,3,Thursday,False,2024-04,Q2 2024
2024-04-19,2024,2,4,Apr,16,4,Friday,False,2024-04,Q2 2024
2024-04-20,2024,2,4,Apr,16,5,Saturday,True,2024-04,Q2 2024
2024-04-21,2024,2,4,Apr,16,6,Sunday,True,2024-04,Q2 2024
2024-04-22,2024,2,4,Apr,17,0,Monday,False,2024-04,Q2 2024
2024-04-23,2024,2,4,Apr,17,1,Tuesday,False,2024-04,Q2 2024
2024-04-24,2024,2,4,Apr,17,2,Wednesday,False,2024-04,Q2 2024
2024-04-25,2024,2,4,Apr,17,3,Thursday,False,2024-04,Q2 2024
2024-04-26,2024,2,4,Apr,17,4,Friday,False,2024-04,Q2 2024
2024-04-27,2024,2,4,Apr,17,5,Saturday,True,2024-04,Q2 2024
2024-04-28,2024,2,4,Apr,17,6,Sunday,True,2024-04,Q2 2024
2024-04-29,2024,2,4,Apr,18,0,Monday,False,2024-04,Q2 2024
2024-04-30,2024,2,4,Apr,18,1,Tuesday,False,2024-04,Q2 2024
2024-05-01,2024,2,5,May,18,2,Wednesday,False,2024-05,Q2 2024
2024-05-02,2024,2,5,May,18,3,Thursday,False,2024-05,Q2 2024
2024-05-03,2024,2,5,May,18,4,Friday,False,2024-05,Q2 2024
2024-05-04,2024,2,5,May,18,5,Saturday,True,2024-05,Q2 2024
2024-05-05,2024,2,5,May,18,6,Sunday,True,2024-05,Q2 2024
2024-05-06,2024,2,5,May,19,0,Monday,False,2024-05,Q2 2024
2024-05-07,2024,2,5,May,19,1,Tuesday,False,2024-05,Q2 2024
2024-05-08,2024,2,5,May,19,2,Wednesday,False,2024-05,Q2 2024
2024-05-09,2024,2,5,May,19,3,Thursday,False,2024-05,Q2 2024
2024-05-10,2024,2,5,May,19,4,Friday,False,2024-05,Q2 2024
2024-05-11,2024,2,5,May,19,5,Saturday,True,2024-05,Q2 2024
2024-05-12,2024,2,5,May,19,6,Sunday,True,2024-05,Q2 2024
2024-05-13,2024,2,5,May,20,0,Monday,False,2024-05,Q2 2024
2024-05-14,2024,2,5,May,20,1,Tuesday,False,2024-05,Q2 2024
2024-05-15,2024,2,5,May,20,2,Wednesday,False,2024-05,Q2 2024
2024-05-16,2024,2,5,May,20,3,Thursday,False,2024-05,Q2 2024
2024-05-17,2024,2,5,May,20,4,Friday,False,2024-05,Q2 2024
2024-05-18,2024,2,5,May,20,5,Saturday,True,2024-05,Q2 2024
2024-05-19,2024,2,5,May,20,6,Sunday,True,2024-05,Q2 2024
2024-05-20,2024,2,5,May,21,0,Monday,False,2024-05,Q2 2024
2024-05-21,2024,2,5,May,21,1,Tuesday,False,2024-05,Q2 2024
2024-05-22,2024,2,5,May,21,2,Wednesday,False,2024-05,Q2 2024
2024-05-23,2024,2,5,May,21,3,Thursday,False,2024-05,Q2 2024
2024-05-24,2024,2,5,May,21,4,Friday,False,2024-05,Q2 2024
2024-05-25,2024,2,5,May,21,5,Saturday,True,2024-05,Q2 2024
2024-05-26,2024,2,5,May,21,6,Sunday,True,2024-05,Q2 2024
2024-05-27,2024,2,5,May,22,0,Monday,False,2024-05,Q2 2024
2024-05-28,2024,2,5,May,22,1,Tuesday,False,2024-05,Q2 2024
2024-05-29,2024,2,5,May,22,2,Wednesday,False,2024-05,Q2 2024
2024-05-30,2024,2,5,May,22,3,Thursday,False,2024-05,Q2 2024
2024-05-31,2024,2,5,May,22,4,Friday,False,2024-05,Q2 2024
2024-06-01,2024,2,6,Jun,22,5,Saturday,True,2024-06,Q2 2024
2024-06-02,2024,2,6,Jun,22,6,Sunday,True,2024-06,Q2 2024
2024-06-03,2024,2,6,Jun,23,0,Monday,False,2024-06,Q2 2024
2024-06-04,2024,2,6,Jun,23,1,Tuesday,False,2024-06,Q2 2024
2024-06-05,2024,2,6,Jun,23,2,Wednesday,False,2024-06,Q2 2024
2024-06-06,2024,2,6,Jun,23,3,Thursday,False,2024-06,Q2 2024
2024-06-07,2024,2,6,Jun,23,4,Friday,False,2024-06,Q2 2024
2024-06-08,2024,2,6,Jun,23,5,Saturday,True,2024-06,Q2 2024
2024-06-09,2024,2,6,Jun,23,6,Sunday,True,2024-06,Q2 2024
2024-06-10,2024,2,6,Jun,24,0,Monday,False,2024-06,Q2 2024
2024-06-11,2024,2,6,Jun,24,1,Tuesday,False,2024-06,Q2 2024
2024-06-12,2024,2,6,Jun,24,2,Wednesday,False,2024-06,Q2 2024
2024-06-13,2024,2,6,Jun,24,3,Thursday,False,2024-06,Q2 2024
2024-06-14,2024,2,6,Jun,24,4,Friday,False,2024-06,Q2 2024
2024-06-15,2024,2,6,Jun,24,5,Saturday,True,2024-06,Q2 2024
2024-06-16,2024,2,6,Jun,24,6,Sunday,True,2024-06,Q2 2024
2024-06-17,2024,2,6,Jun,25,0,Monday,False,2024-06,Q2 2024
2024-06-18,2024,2,6,Jun,25,1,Tuesday,False,2024-06,Q2 2024
2024-06-19,2024,2,6,Jun,25,2,Wednesday,False,2024-06,Q2 2024
2024-06-20,2024,2,6,Jun,25,3,Thursday,False,2024-06,Q2 2024
2024-06-21,2024,2,6,Jun,25,4,Friday,False,2024-06,Q2 2024
2024-06-22,2024,2,6,Jun,25,5,Saturday,True,2024-06,Q2 2024
2024-06-23,2024,2,6,Jun,25,6,Sunday,True,2024-06,Q2 2024
2024-06-24,2024,2,6,Jun,26,0,Monday,False,2024-06,Q2 2024
2024-06-25,2024,2,6,Jun,26,1,Tuesday,False,2024-06,Q2 2024
2024-06-26,2024,2,6,Jun,26,2,Wednesday,False,2024-06,Q2 2024
2024-06-27,2024,2,6,Jun,26,3,Thursday,False,2024-06,Q2 2024
2024-06-28,2024,2,6,Jun,26,4,Friday,False,2024-06,Q2 2024
2024-06-29,2024,2,6,Jun,26,5,Saturday,True,2024-06,Q2 2024
2024-06-30,2024,2,6,Jun,26,6,Sunday,True,2024-06,Q2 2024
2024-07-01,2024,3,7,Jul,27,0,Monday,False,2024-07,Q3 2024
2024-07-02,2024,3,7,Jul,27,1,Tuesday,False,2024-07,Q3 2024
2024-07-03,2024,3,7,Jul,27,2,Wednesday,False,2024-07,Q3 2024
2024-07-04,2024,3,7,Jul,27,3,Thursday,False,2024-07,Q3 2024
2024-07-05,2024,3,7,Jul,27,4,Friday,False,2024-07,Q3 2024
2024-07-06,2024,3,7,Jul,27,5,Saturday,True,2024-07,Q3 2024
2024-07-07,2024,3,7,Jul,27,6,Sunday,True,2024-07,Q3 2024
2024-07-08,2024,3,7,Jul,28,0,Monday,False,2024-07,Q3 2024
2024-07-09,2024,3,7,Jul,28,1,Tuesday,False,2024-07,Q3 2024
2024-07-10,2024,3,7,Jul,28,2,Wednesday,False,2024-07,Q3 2024
2024-07-11,2024,3,7,Jul,28,3,Thursday,False,2024-07,Q3 2024
2024-07-12,2024,3,7,Jul,28,4,Friday,False,2024-07,Q3 2024
2024-07-13,2024,3,7,Jul,28,5,Saturday,True,2024-07,Q3 2024
2024-07-14,2024,3,7,Jul,28,6,Sunday,True,2024-07,Q3 2024
2024-07-15,2024,3,7,Jul,29,0,Monday,False,2024-07,Q3 2024
2024-07-16,2024,3,7,Jul,29,1,Tuesday,False,2024-07,Q3 2024
2024-07-17,2024,3,7,Jul,29,2,Wednesday,False,2024-07,Q3 2024
2024-07-18,2024,3,7,Jul,29,3,Thursday,False,2024-07,Q3 2024
2024-07-19,2024,3,7,Jul,29,4,Friday,False,2024-07,Q3 2024
2024-07-20,2024,3,7,Jul,29,5,Saturday,True,2024-07,Q3 2024
2024-07-21,2024,3,7,Jul,29,6,Sunday,True,2024-07,Q3 2024
2024-07-22,2024,3,7,Jul,30,0,Monday,False,2024-07,Q3 2024
2024-07-23,2024,3,7,Jul,30,1,Tuesday,False,2024-07,Q3 2024
2024-07-24,2024,3,7,Jul,30,2,Wednesday,False,2024-07,Q3 2024
2024-07-25,2024,3,7,Jul,30,3,Thursday,False,2024-07,Q3 2024
2024-07-26,2024,3,7,Jul,30,4,Friday,False,2024-07,Q3 2024
2024-07-27,2024,3,7,Jul,30,5,Saturday,True,2024-07,Q3 2024
2024-07-28,2024,3,7,Jul,30,6,Sunday,True,2024-07,Q3 2024
2024-07-29,2024,3,7,Jul,31,0,Monday,False,2024-07,Q3 2024
2024-07-30,2024,3,7,Jul,31,1,Tuesday,False,2024-07,Q3 2024
2024-07-31,2024,3,7,Jul,31,2,Wednesday,False,2024-07,Q3 2024
2024-08-01,2024,3,8,Aug,31,3,Thursday,False,2024-08,Q3 2024
2024-08-02,2024,3,8,Aug,31,4,Friday,False,2024-08,Q3 2024
2024-08-03,2024,3,8,Aug,31,5,Saturday,True,2024-08,Q3 2024
2024-08-04,2024,3,8,Aug,31,6,Sunday,True,2024-08,Q3 2024
2024-08-05,2024,3,8,Aug,32,0,Monday,False,2024-08,Q3 2024
2024-08-06,2024,3,8,Aug,32,1,Tuesday,False,2024-08,Q3 2024
2024-08-07,2024,3,8,Aug,32,2,Wednesday,False,2024-08,Q3 2024
2024-08-08,2024,3,8,Aug,32,3,Thursday,False,2024-08,Q3 2024
2024-08-09,2024,3,8,Aug,32,4,Friday,False,2024-08,Q3 2024
2024-08-10,2024,3,8,Aug,32,5,Saturday,True,2024-08,Q3 2024
2024-08-11,2024,3,8,Aug,32,6,Sunday,True,2024-08,Q3 2024
2024-08-12,2024,3,8,Aug,33,0,Monday,False,2024-08,Q3 2024
2024-08-13,2024,3,8,Aug,33,1,Tuesday,False,2024-08,Q3 2024
2024-08-14,2024,3,8,Aug,33,2,Wednesday,False,2024-08,Q3 2024
2024-08-15,2024,3,8,Aug,33,3,Thursday,False,2024-08,Q3 2024
2024-08-16,2024,3,8,Aug,33,4,Friday,False,2024-08,Q3 2024
2024-08-17,2024,3,8,Aug,33,5,Saturday,True,2024-08,Q3 2024
2024-08-18,2024,3,8,Aug,33,6,Sunday,True,2024-08,Q3 2024
2024-08-19,2024,3,8,Aug,34,0,Monday,False,2024-08,Q3 2024
2024-08-20,2024,3,8,Aug,34,1,Tuesday,False,2024-08,Q3 2024
2024-08-21,2024,3,8,Aug,34,2,Wednesday,False,2024-08,Q3 2024
2024-08-22,2024,3,8,Aug,34,3,Thursday,False,2024-08,Q3 2024
2024-08-23,2024,3,8,Aug,34,4,Friday,False,2024-08,Q3 2024
2024-08-24,2024,3,8,Aug,34,5,Saturday,True,2024-08,Q3 2024
2024-08-25,2024,3,8,Aug,34,6,Sunday,True,2024-08,Q3 2024
2024-08-26,2024,3,8,Aug,35,0,Monday,False,2024-08,Q3 2024
2024-08-27,2024,3,8,Aug,35,1,Tuesday,False,2024-08,Q3 2024
2024-08-28,2024,3,8,Aug,35,2,Wednesday,False,2024-08,Q3 2024
2024-08-29,2024,3,8,Aug,35,3,Thursday,False,2024-08,Q3 2024
2024-08-30,2024,3,8,Aug,35,4,Friday,False,2024-08,Q3 2024
2024-08-31,2024,3,8,Aug,35,5,Saturday,True,2024-08,Q3 2024
2024-09-01,2024,3,9,Sep,35,6,Sunday,True,2024-09,Q3 2024
2024-09-02,2024,3,9,Sep,36,0,Monday,False,2024-09,Q3 2024
2024-09-03,2024,3,9,Sep,36,1,Tuesday,False,2024-09,Q3 2024
2024-09-04,2024,3,9,Sep,36,2,Wednesday,False,2024-09,Q3 2024
2024-09-05,2024,3,9,Sep,36,3,Thursday,False,2024-09,Q3 2024
2024-09-06,2024,3,9,Sep,36,4,Friday,False,2024-09,Q3 2024
2024-09-07,2024,3,9,Sep,36,5,Saturday,True,2024-09,Q3 2024
2024-09-08,2024,3,9,Sep,36,6,Sunday,True,2024-09,Q3 2024
2024-09-09,2024,3,9,Sep,37,0,Monday,False,2024-09,Q3 2024
2024-09-10,2024,3,9,Sep,37,1,Tuesday,False,2024-09,Q3 2024
2024-09-11,2024,3,9,Sep,37,2,Wednesday,False,2024-09,Q3 2024
2024-09-12,2024,3,9,Sep,37,3,Thursday,False,2024-09,Q3 2024
2024-09-13,2024,3,9,Sep,37,4,Friday,False,2024-09,Q3 2024
2024-09-14,2024,3,9,Sep,37,5,Saturday,True,2024-09,Q3 2024
2024-09-15,2024,3,9,Sep,37,6,Sunday,True,2024-09,Q3 2024
2024-09-16,2024,3,9,Sep,38,0,Monday,False,2024-09,Q3 2024
2024-09-17,2024,3,9,Sep,38,1,Tuesday,False,2024-09,Q3 2024
2024-09-18,2024,3,9,Sep,38,2,Wednesday,False,2024-09,Q3 2024
2024-09-19,2024,3,9,Sep,38,3,Thursday,False,2024-09,Q3 2024
2024-09-20,2024,3,9,Sep,38,4,Friday,False,2024-09,Q3 2024
2024-09-21,2024,3,9,Sep,38,5,Saturday,True,2024-09,Q3 2024
2024-09-22,2024,3,9,Sep,38,6,Sunday,True,2024-09,Q3 2024
2024-09-23,2024,3,9,Sep,39,0,Monday,False,2024-09,Q3 2024
2024-09-24,2024,3,9,Sep,39,1,Tuesday,False,2024-09,Q3 2024
2024-09-25,2024,3,9,Sep,39,2,Wednesday,False,2024-09,Q3 2024
2024-09-26,2024,3,9,Sep,39,3,Thursday,False,2024-09,Q3 2024
2024-09-27,2024,3,9,Sep,39,4,Friday,False,2024-09,Q3 2024
2024-09-28,2024,3,9,Sep,39,5,Saturday,True,2024-09,Q3 2024
2024-09-29,2024,3,9,Sep,39,6,Sunday,True,2024-09,Q3 2024
2024-09-30,2024,3,9,Sep,40,0,Monday,False,2024-09,Q3 2024
2024-10-01,2024,4,10,Oct,40,1,Tuesday,False,2024-10,Q4 2024
2024-10-02,2024,4,10,Oct,40,2,Wednesday,False,2024-10,Q4 2024
2024-10-03,2024,4,10,Oct,40,3,Thursday,False,2024-10,Q4 2024
2024-10-04,2024,4,10,Oct,40,4,Friday,False,2024-10,Q4 2024
2024-10-05,2024,4,10,Oct,40,5,Saturday,True,2024-10,Q4 2024
2024-10-06,2024,4,10,Oct,40,6,Sunday,True,2024-10,Q4 2024
2024-10-07,2024,4,10,Oct,41,0,Monday,False,2024-10,Q4 2024
2024-10-08,2024,4,10,Oct,41,1,Tuesday,False,2024-10,Q4 2024
2024-10-09,2024,4,10,Oct,41,2,Wednesday,False,2024-10,Q4 2024
2024-10-10,2024,4,10,Oct,41,3,Thursday,False,2024-10,Q4 2024
2024-10-11,2024,4,10,Oct,41,4,Friday,False,2024-10,Q4 2024
2024-10-12,2024,4,10,Oct,41,5,Saturday,True,2024-10,Q4 2024
2024-10-13,2024,4,10,Oct,41,6,Sunday,True,2024-10,Q4 2024
2024-10-14,2024,4,10,Oct,42,0,Monday,False,2024-10,Q4 2024
2024-10-15,2024,4,10,Oct,42,1,Tuesday,False,2024-10,Q4 2024
2024-10-16,2024,4,10,Oct,42,2,Wednesday,False,2024-10,Q4 2024
2024-10-17,2024,4,10,Oct,42,3,Thursday,False,2024-10,Q4 2024
2024-10-18,2024,4,10,Oct,42,4,Friday,False,2024-10,Q4 2024
2024-10-19,2024,4,10,Oct,42,5,Saturday,True,2024-10,Q4 2024
2024-10-20,2024,4,10,Oct,42,6,Sunday,True,2024-10,Q4 2024
2024-10-21,2024,4,10,Oct,43,0,Monday,False,2024-10,Q4 2024
2024-10-22,2024,4,10,Oct,43,1,Tuesday,False,2024-10,Q4 2024
2024-10-23,2024,4,10,Oct,43,2,Wednesday,False,2024-10,Q4 2024
2024-10-24,2024,4,10,Oct,43,3,Thursday,False,2024-10,Q4 2024
2024-10-25,2024,4,10,Oct,43,4,Friday,False,2024-10,Q4 2024
2024-10-26,2024,4,10,Oct,43,5,Saturday,True,2024-10,Q4 2024
2024-10-27,2024,4,10,Oct,43,6,Sunday,True,2024-10,Q4 2024
2024-10-28,2024,4,10,Oct,44,0,Monday,False,2024-10,Q4 2024
2024-10-29,2024,4,10,Oct,44,1,Tuesday,False,2024-10,Q4 2024
2024-10-30,2024,4,10,Oct,44,2,Wednesday,False,2024-10,Q4 2024
2024-10-31,2024,4,10,Oct,44,3,Thursday,False,2024-10,Q4 2024
2024-11-01,2024,4,11,Nov,44,4,Friday,False,2024-11,Q4 2024
2024-11-02,2024,4,11,Nov,44,5,Saturday,True,2024-11,Q4 2024
2024-11-03,2024,4,11,Nov,44,6,Sunday,True,2024-11,Q4 2024
2024-11-04,2024,4,11,Nov,45,0,Monday,False,2024-11,Q4 2024
2024-11-05,2024,4,11,Nov,45,1,Tuesday,False,2024-11,Q4 2024
2024-11-06,2024,4,11,Nov,45,2,Wednesday,False,2024-11,Q4 2024
2024-11-07,2024,4,11,Nov,45,3,Thursday,False,2024-11,Q4 2024
2024-11-08,2024,4,11,Nov,45,4,Friday,False,2024-11,Q4 2024
2024-11-09,2024,4,11,Nov,45,5,Saturday,True,2024-11,Q4 2024
2024-11-10,2024,4,11,Nov,45,6,Sunday,True,2024-11,Q4 2024
2024-11-11,2024,4,11,Nov,46,0,Monday,False,2024-11,Q4 2024
2024-11-12,2024,4,11,Nov,46,1,Tuesday,False,2024-11,Q4 2024
2024-11-13,2024,4,11,Nov,46,2,Wednesday,False,2024-11,Q4 2024
2024-11-14,2024,4,11,Nov,46,3,Thursday,False,2024-11,Q4 2024
2024-11-15,2024,4,11,Nov,46,4,Friday,False,2024-11,Q4 2024
2024-11-16,2024,4,11,Nov,46,5,Saturday,True,2024-11,Q4 2024
2024-11-17,2024,4,11,Nov,46,6,Sunday,True,2024-11,Q4 2024
2024-11-18,2024,4,11,Nov,47,0,Monday,False,2024-11,Q4 2024
2024-11-19,2024,4,11,Nov,47,1,Tuesday,False,2024-11,Q4 2024
2024-11-20,2024,4,11,Nov,47,2,Wednesday,False,2024-11,Q4 2024
2024-11-21,2024,4,11,Nov,47,3,Thursday,False,2024-11,Q4 2024
2024-11-22,2024,4,11,Nov,47,4,Friday,False,2024-11,Q4 2024
2024-11-23,2024,4,11,Nov,47,5,Saturday,True,2024-11,Q4 2024
2024-11-24,2024,4,11,Nov,47,6,Sunday,True,2024-11,Q4 2024
2024-11-25,2024,4,11,Nov,48,0,Monday,False,2024-11,Q4 2024
2024-11-26,2024,4,11,Nov,48,1,Tuesday,False,2024-11,Q4 2024
2024-11-27,2024,4,11,Nov,48,2,Wednesday,False,2024-11,Q4 2024
2024-11-28,2024,4,11,Nov,48,3,Thursday,False,2024-11,Q4 2024
2024-11-29,2024,4,11,Nov,48,4,Friday,False,2024-11,Q4 2024
2024-11-30,2024,4,11,Nov,48,5,Saturday,True,2024-11,Q4 2024
2024-12-01,2024,4,12,Dec,48,6,Sunday,True,2024-12,Q4 2024
2024-12-02,2024,4,12,Dec,49,0,Monday,False,2024-12,Q4 2024
2024-12-03,2024,4,12,Dec,49,1,Tuesday,False,2024-12,Q4 2024
2024-12-04,2024,4,12,Dec,49,2,Wednesday,False,2024-12,Q4 2024
2024-12-05,2024,4,12,Dec,49,3,Thursday,False,2024-12,Q4 2024
2024-12-06,2024,4,12,Dec,49,4,Friday,False,2024-12,Q4 2024
2024-12-07,2024,4,12,Dec,49,5,Saturday,True,2024-12,Q4 2024
2024-12-08,2024,4,12,Dec,49,6,Sunday,True,2024-12,Q4 2024
2024-12-09,2024,4,12,Dec,50,0,Monday,False,2024-12,Q4 2024
2024-12-10,2024,4,12,Dec,50,1,Tuesday,False,2024-12,Q4 2024
2024-12-11,2024,4,12,Dec,50,2,Wednesday,False,2024-12,Q4 2024
2024-12-12,2024,4,12,Dec,50,3,Thursday,False,2024-12,Q4 2024
2024-12-13,2024,4,12,Dec,50,4,Friday,False,2024-12,Q4 2024
2024-12-14,2024,4,12,Dec,50,5,Saturday,True,2024-12,Q4 2024
2024-12-15,2024,4,12,Dec,50,6,Sunday,True,2024-12,Q4 2024
2024-12-16,2024,4,12,Dec,51,0,Monday,False,2024-12,Q4 2024
2024-12-17,2024,4,12,Dec,51,1,Tuesday,False,2024-12,Q4 2024
2024-12-18,2024,4,12,Dec,51,2,Wednesday,False,2024-12,Q4 2024
2024-12-19,2024,4,12,Dec,51,3,Thursday,False,2024-12,Q4 2024
2024-12-20,2024,4,12,Dec,51,4,Friday,False,2024-12,Q4 2024
2024-12-21,2024,4,12,Dec,51,5,Saturday,True,2024-12,Q4 2024
2024-12-22,2024,4,12,Dec,51,6,Sunday,True,2024-12,Q4 2024
2024-12-23,2024,4,12,Dec,52,0,Monday,False,2024-12,Q4 2024
2024-12-24,2024,4,12,Dec,52,1,Tuesday,False,2024-12,Q4 2024
2024-12-25,2024,4,12,Dec,52,2,Wednesday,False,2024-12,Q4 2024
2024-12-26,2024,4,12,Dec,52,3,Thursday,False,2024-12,Q4 2024
2024-12-27,2024,4,12,Dec,52,4,Friday,False,2024-12,Q4 2024
2024-12-28,2024,4,12,Dec,52,5,Saturday,True,2024-12,Q4 2024
2024-12-29,2024,4,12,Dec,52,6,Sunday,True,2024-12,Q4 2024
2024-12-30,2024,4,12,Dec,1,0,Monday,False,2024-12,Q4 2024
2024-12-31,2024,4,12,Dec,1,1,Tuesday,False,2024-12,Q4 2024
2025-01-01,2025,1,1,Jan,1,2,Wednesday,False,2025-01,Q1 2025
2025-01-02,2025,1,1,Jan,1,3,Thursday,False,2025-01,Q1 2025
2025-01-03,2025,1,1,Jan,1,4,Friday,False,2025-01,Q1 2025
2025-01-04,2025,1,1,Jan,1,5,Saturday,True,2025-01,Q1 2025
2025-01-05,2025,1,1,Jan,1,6,Sunday,True,2025-01,Q1 2025
2025-01-06,2025,1,1,Jan,2,0,Monday,False,2025-01,Q1 2025
2025-01-07,2025,1,1,Jan,2,1,Tuesday,False,2025-01,Q1 2025
2025-01-08,2025,1,1,Jan,2,2,Wednesday,False,2025-01,Q1 2025
2025-01-09,2025,1,1,Jan,2,3,Thursday,False,2025-01,Q1 2025
2025-01-10,2025,1,1,Jan,2,4,Friday,False,2025-01,Q1 2025
2025-01-11,2025,1,1,Jan,2,5,Saturday,True,2025-01,Q1 2025
2025-01-12,2025,1,1,Jan,2,6,Sunday,True,2025-01,Q1 2025
2025-01-13,2025,1,1,Jan,3,0,Monday,False,2025-01,Q1 2025
2025-01-14,2025,1,1,Jan,3,1,Tuesday,False,2025-01,Q1 2025
2025-01-15,2025,1,1,Jan,3,2,Wednesday,False,2025-01,Q1 2025
2025-01-16,2025,1,1,Jan,3,3,Thursday,False,2025-01,Q1 2025
2025-01-17,2025,1,1,Jan,3,4,Friday,False,2025-01,Q1 2025
2025-01-18,2025,1,1,Jan,3,5,Saturday,True,2025-01,Q1 2025
2025-01-19,2025,1,1,Jan,3,6,Sunday,True,2025-01,Q1 2025
2025-01-20,2025,1,1,Jan,4,0,Monday,False,2025-01,Q1 2025
2025-01-21,2025,1,1,Jan,4,1,Tuesday,False,2025-01,Q1 2025
2025-01-22,2025,1,1,Jan,4,2,Wednesday,False,2025-01,Q1 2025
2025-01-23,2025,1,1,Jan,4,3,Thursday,False,2025-01,Q1 2025
2025-01-24,2025,1,1,Jan,4,4,Friday,False,2025-01,Q1 2025
2025-01-25,2025,1,1,Jan,4,5,Saturday,True,2025-01,Q1 2025
2025-01-26,2025,1,1,Jan,4,6,Sunday,True,2025-01,Q1 2025
2025-01-27,2025,1,1,Jan,5,0,Monday,False,2025-01,Q1 2025
2025-01-28,2025,1,1,Jan,5,1,Tuesday,False,2025-01,Q1 2025
2025-01-29,2025,1,1,Jan,5,2,Wednesday,False,2025-01,Q1 2025
2025-01-30,2025,1,1,Jan,5,3,Thursday,False,2025-01,Q1 2025
2025-01-31,2025,1,1,Jan,5,4,Friday,False,2025-01,Q1 2025
2025-02-01,2025,1,2,Feb,5,5,Saturday,True,2025-02,Q1 2025
2025-02-02,2025,1,2,Feb,5,6,Sunday,True,2025-02,Q1 2025
2025-02-03,2025,1,2,Feb,6,0,Monday,False,2025-02,Q1 2025
2025-02-04,2025,1,2,Feb,6,1,Tuesday,False,2025-02,Q1 2025
2025-02-05,2025,1,2,Feb,6,2,Wednesday,False,2025-02,Q1 2025
2025-02-06,2025,1,2,Feb,6,3,Thursday,False,2025-02,Q1 2025
2025-02-07,2025,1,2,Feb,6,4,Friday,False,2025-02,Q1 2025
2025-02-08,2025,1,2,Feb,6,5,Saturday,True,2025-02,Q1 2025
2025-02-09,2025,1,2,Feb,6,6,Sunday,True,2025-02,Q1 2025
2025-02-10,2025,1,2,Feb,7,0,Monday,False,2025-02,Q1 2025
2025-02-11,2025,1,2,Feb,7,1,Tuesday,False,2025-02,Q1 2025
2025-02-12,2025,1,2,Feb,7,2,Wednesday,False,2025-02,Q1 2025
2025-02-13,2025,1,2,Feb,7,3,Thursday,False,2025-02,Q1 2025
2025-02-14,2025,1,2,Feb,7,4,Friday,False,2025-02,Q1 2025
2025-02-15,2025,1,2,Feb,7,5,Saturday,True,2025-02,Q1 2025
2025-02-16,2025,1,2,Feb,7,6,Sunday,True,2025-02,Q1 2025
2025-02-17,2025,1,2,Feb,8,0,Monday,False,2025-02,Q1 2025
2025-02-18,2025,1,2,Feb,8,1,Tuesday,False,2025-02,Q1 2025
2025-02-19,2025,1,2,Feb,8,2,Wednesday,False,2025-02,Q1 2025
2025-02-20,2025,1,2,Feb,8,3,Thursday,False,2025-02,Q1 2025
2025-02-21,2025,1,2,Feb,8,4,Friday,False,2025-02,Q1 2025
2025-02-22,2025,1,2,Feb,8,5,Saturday,True,2025-02,Q1 2025
2025-02-23,2025,1,2,Feb,8,6,Sunday,True,2025-02,Q1 2025
2025-02-24,2025,1,2,Feb,9,0,Monday,False,2025-02,Q1 2025
2025-02-25,2025,1,2,Feb,9,1,Tuesday,False,2025-02,Q1 2025
2025-02-26,2025,1,2,Feb,9,2,Wednesday,False,2025-02,Q1 2025
2025-02-27,2025,1,2,Feb,9,3,Thursday,False,2025-02,Q1 2025
2025-02-28,2025,1,2,Feb,9,4,Friday,False,2025-02,Q1 2025
